"","baseMean","log2FoldChange","lfcSE","pvalue","padj","symbol","entrez","genename"
"ENSG00000260534.1",8.83766971761372,15.8583712807451,5.16325942739941,9.39644665970955e-10,4.41931970854612e-07,NA,NA,NA
"ENSG00000179256.2",6.7827947698429,9.51002312686678,5.19606615337553,0.00115967423894012,0.0291324375661933,"SMCO3","440087","single-pass membrane protein with coiled-coil domains 3"
"ENSG00000135914.6",5858.22110501551,8.01983999952316,3.094217718948,1.8608191717892e-05,0.00134642629164356,"HTR2B","3357","5-hydroxytryptamine receptor 2B"
"ENSG00000189056.14",518.027997443825,7.1709253164102,1.87061092768895,4.7837580196031e-06,0.000478237142307568,"RELN","5649","reelin"
"ENSG00000172650.13",15.7162059957457,6.07641533094156,2.83809026722035,0.000151630013766269,0.00683623421542305,"AGAP5","729092","ArfGAP with GTPase domain, ankyrin repeat and PH domain 5"
"ENSG00000160323.18",8.64774045486473,6.06059112337505,2.56078971026405,1.24036198536053e-05,0.00100431280703995,"ADAMTS13","11093","ADAM metallopeptidase with thrombospondin type 1 motif 13"
"ENSG00000188610.12",14.0590127999964,5.90687850218684,3.07057458753158,0.000548610873538063,0.0173325021314583,"FAM72B","653820","family with sequence similarity 72 member B"
"ENSG00000138606.19",7.29700680266017,5.78115536725054,1.29409704439959,8.85746565362957e-07,0.000127289162664035,"SHF","90525","Src homology 2 domain containing F"
"ENSG00000268864.4",4.48896463112487,5.61855348045065,3.75603019860649,0.00186630314839171,0.0400778413732214,"LOC284379","284379","solute carrier family 7 member 3 pseudogene"
"ENSG00000259660.2",25.233381398967,5.403340864453,1.96076214870387,0.000126522861311822,0.00598675765654146,NA,NA,NA
"ENSG00000287387.1",722.139125940922,5.27447711527026,2.3086260545665,5.0110737009527e-06,0.000498553649843823,NA,NA,NA
"ENSG00000268006.1",8.99046109049344,5.25806420339334,1.70618228701306,3.40256858210947e-05,0.0021799614315224,"PTOV1-AS1","100506033","PTOV1 antisense RNA 1"
"ENSG00000131386.19",1162.05008758125,5.23115090193187,1.63167729655799,4.34573950528569e-05,0.00265282399181068,"GALNT15","117248","polypeptide N-acetylgalactosaminyltransferase 15"
"ENSG00000180447.7",324.28377512386,5.04939064873695,1.16381111079131,8.19848516475665e-07,0.000119478487323573,"GAS1","2619","growth arrest specific 1"
"ENSG00000285444.1",10.777354313593,5.01378096573982,2.04866338576423,0.000275908617831575,0.0108375394130919,NA,NA,NA
"ENSG00000062822.14",47.0310809797829,4.96765721239593,2.94182435212343,0.00121644259233325,0.0301473808452027,"POLD1","5424","DNA polymerase delta 1, catalytic subunit"
"ENSG00000286214.1",13.5439520618962,4.96717691654058,1.25709700637862,3.59237485866724e-06,0.000369853757837114,NA,NA,NA
"ENSG00000107317.13",42.6448795449087,4.92921014396176,1.44810153879376,2.19433796890172e-05,0.00154424302694301,"PTGDS","5730","prostaglandin D2 synthase"
"ENSG00000187950.8",7.62650347397694,4.9004145143535,1.70076111872962,9.69734705552314e-05,0.00484743717227383,"OVCH1","341350","ovochymase 1"
"ENSG00000255920.3",18.098701338116,4.64303271015025,1.37964712481418,5.32565209120966e-05,0.0030870880777449,"CCND2-AS1","103752584","CCND2 antisense RNA 1"
"ENSG00000261625.1",23.4449579319784,4.59475034708643,1.62410636399254,0.000231231316039401,0.0094970457820781,NA,NA,NA
"ENSG00000010932.17",40.2802384900389,4.56636247215751,3.69677509046002,0.00281580292348308,0.052354200987025,"FMO1","2326","flavin containing dimethylaniline monoxygenase 1"
"ENSG00000131620.17",132.092876987297,4.56474459134738,1.44396829540882,4.98207569755381e-05,0.00293729556937831,"ANO1","55107","anoctamin 1"
"ENSG00000106565.18",23.12566587157,4.51349015572586,1.24753776455228,1.48548938040379e-05,0.0011556660615818,"TMEM176B","28959","transmembrane protein 176B"
"ENSG00000235703.6",36.8169486162759,4.49209884731217,1.678453340116,0.000197834243630879,0.00835506497489269,"LINC00894","100272228","long intergenic non-protein coding RNA 894"
"ENSG00000273771.1",8.15227515053568,4.44904167659672,1.15448550721189,7.49567311438494e-06,0.000683328015106088,NA,NA,NA
"ENSG00000137507.11",142.36338528622,4.38222798611631,1.04515775589459,9.10594866673903e-07,0.00012995758738586,"LRRC32","2615","leucine rich repeat containing 32"
"ENSG00000077942.19",3759.58892672336,4.37858548159766,0.591508221416861,6.72386474974868e-15,1.73929571414124e-11,"FBLN1","2192","fibulin 1"
"ENSG00000231007.5",5.78837656665693,4.29964805385351,2.10710944956724,0.000953443784810912,0.02572217201891,NA,NA,NA
"ENSG00000143127.13",28.4893256045948,4.26576928138615,0.603995564250294,9.06201170937847e-14,1.70481154830798e-10,"ITGA10","8515","integrin subunit alpha 10"
"ENSG00000127951.7",65.1783311539667,4.24493807587506,1.61708383915303,0.000236381055356247,0.00964826343104965,"FGL2","10875","fibrinogen like 2"
"ENSG00000270953.1",3.48986525032809,4.19556993124718,1.72917714477169,0.000693248788885637,0.0205237345310434,NA,NA,NA
"ENSG00000002933.9",7.26276324036228,4.11019564424394,1.46411500513215,9.94884489846245e-05,0.00492539225666942,"TMEM176A","55365","transmembrane protein 176A"
"ENSG00000094963.14",74.2685816581604,4.09857746775879,2.30270718523031,0.000605816468518071,0.0186837049173069,"FMO2","2327","flavin containing dimethylaniline monoxygenase 2"
"ENSG00000187955.12",34.9321067698038,4.00315927949108,0.515115514259344,4.47892993787511e-16,1.54478293557313e-12,"COL14A1","7373","collagen type XIV alpha 1 chain"
"ENSG00000188783.6",620.563666259139,3.95891192900698,1.3610089276559,0.000133947312063402,0.00622900151874166,"PRELP","5549","proline and arginine rich end leucine rich repeat protein"
"ENSG00000105989.10",5493.7191120191,3.94739733650576,1.20153766793704,5.25843986119154e-05,0.00305668973279488,"WNT2","7472","Wnt family member 2"
"ENSG00000238035.8",9.08708761641382,3.8924546432593,2.0097374261017,0.00102761772029041,0.0268504054339516,NA,NA,NA
"ENSG00000272620.2",7.06814992841365,3.84134376938001,1.47426814539637,0.000417061699042401,0.0143391909243524,"AFAP1-AS1","84740","AFAP1 antisense RNA 1"
"ENSG00000105996.7",7.13441949541952,3.75579333811329,1.59045126387466,0.000427533516875347,0.0145516095365435,"HOXA2","3199","homeobox A2"
"ENSG00000169710.9",761.655425117954,3.72174107913106,1.75618386230356,0.00062844165754867,0.0191249583254591,"FASN","2194","fatty acid synthase"
"ENSG00000176928.7",213.24174699003,3.638268400136,1.51173361008932,0.000472899001906135,0.0154313224445972,"GCNT4","51301","glucosaminyl (N-acetyl) transferase 4"
"ENSG00000140548.10",95.9987840239799,3.62971564934018,1.14205735036783,8.47754830430923e-05,0.00443016122750948,"ZNF710","374655","zinc finger protein 710"
"ENSG00000165072.10",162.271915156097,3.56669976886879,1.73118176331796,0.00095424406796394,0.02572217201891,"MAMDC2","256691","MAM domain containing 2"
"ENSG00000279289.1",23.8465273127186,3.54147687060915,0.752818279220985,1.24301311143637e-07,2.57229133280642e-05,NA,NA,NA
"ENSG00000259172.1",40.1528075094479,3.53610932799062,0.943886024387721,8.5571201400252e-06,0.00074470962934381,NA,NA,NA
"ENSG00000267199.1",29.7294343364908,3.53406518237611,0.977262756467264,9.51998786712883e-06,0.000810726867993267,NA,NA,NA
"ENSG00000273763.2",34.9352867488885,3.52477765169248,1.42087584237422,0.000339836516285584,0.0123378541544103,NA,NA,NA
"ENSG00000177363.5",64.2659892633096,3.52340916155412,1.77691644404777,0.00121950517422209,0.0301871292767367,"LRRN4CL","221091","LRRN4 C-terminal like"
"ENSG00000111199.11",9.34693892433866,3.48558652090213,2.49476032466734,0.00200411826693429,0.0420046090982281,"TRPV4","59341","transient receptor potential cation channel subfamily V member 4"
"ENSG00000236714.3",11.7121848064339,3.36936978153768,1.36530826212877,0.000453697728969049,0.0150461871847524,"LINC01844","101926975","long intergenic non-protein coding RNA 1844"
"ENSG00000225415.2",201.479046465449,3.35240464490842,2.45232559759704,0.00246711067101863,0.0479866722464827,NA,NA,NA
"ENSG00000198885.9",13.6986324838293,3.34799553510043,1.70551129355168,0.000994765984122679,0.0263919067633778,"ITPRIPL1","150771","ITPRIP like 1"
"ENSG00000271009.3",3.17874597675153,3.32662589390269,1.95074120097842,0.0024859872576728,0.0481694946725476,NA,NA,NA
"ENSG00000146021.15",65.0488992003961,3.31368871829131,0.513297465226941,6.28968092264228e-12,5.6590720440504e-09,"KLHL3","26249","kelch like family member 3"
"ENSG00000160801.14",5.60267187123777,3.30562080219547,1.40852475515318,0.000667782543546933,0.0199986858989294,"PTH1R","5745","parathyroid hormone 1 receptor"
"ENSG00000261773.1",6.44305276357642,3.29963167259693,1.208349242931,0.000315792447422683,0.0117536131420234,NA,NA,NA
"ENSG00000226210.3",60.6664096682497,3.28687486339276,2.39273261041589,0.0022517990948008,0.0451100972582843,"WASH8P","100288778","WAS protein family homolog 8, pseudogene"
"ENSG00000136449.15",7.22807737857213,3.27856920339838,1.69433595153644,0.0015255077515474,0.0349599749839666,"MYCBPAP","84073","MYCBP associated protein"
"ENSG00000182580.3",12.9832733769795,3.24676278208083,1.13433458811882,0.000165397045974549,0.00730894227884213,"EPHB3","2049","EPH receptor B3"
"ENSG00000248257.7",126.300839330986,3.24463813991647,2.5545179812745,0.00383421937743273,0.0632006136198116,NA,NA,NA
"ENSG00000229321.2",4.5919705411288,3.24116350589517,1.20454088750606,0.000412270893259917,0.0142192231085346,NA,NA,NA
"ENSG00000123700.5",201.256587833673,3.24084718434349,0.632786459115732,1.89919156105977e-08,5.24909702984076e-06,"KCNJ2","3759","potassium inwardly rectifying channel subfamily J member 2"
"ENSG00000280339.1",26.563282111786,3.20571879144756,0.740138243219171,1.15210414176978e-06,0.000157891676223734,NA,NA,NA
"ENSG00000179761.12",10.2709557707412,3.20361316546747,0.92056361604333,2.61938954554133e-05,0.00176565626239193,"PIPOX","51268","pipecolic acid and sarcosine oxidase"
"ENSG00000271204.1",11.0429746686891,3.20225582295458,1.31540443899729,0.000573569685499212,0.0178219986061872,NA,NA,NA
"ENSG00000197927.13",8.21778297724934,3.19278266145931,1.25992372195005,0.000408608593787539,0.014163729044957,NA,NA,NA
"ENSG00000099953.10",89.4820881538458,3.14356714940498,0.602707589691337,8.61639340718517e-09,2.83028008203635e-06,"MMP11","4320","matrix metallopeptidase 11"
"ENSG00000109063.15",58.7046924253596,3.12596614876841,1.02976422391971,8.57787692859856e-05,0.00446006495377936,"MYH3","4621","myosin heavy chain 3"
"ENSG00000239280.1",7.24870483131844,3.00947700617022,1.25689429930853,0.00105097681152651,0.0273227564544342,NA,NA,NA
"ENSG00000150051.14",339.335505494871,2.98849082307214,0.888827123388953,9.48246247935232e-05,0.00477338034627215,"MKX","283078","mohawk homeobox"
"ENSG00000131738.11",106.537234544775,2.93996505220711,1.25240055302114,0.0009243519521514,0.0252117528626335,"KRT33B","3884","keratin 33B"
"ENSG00000172733.11",25.1354202282503,2.93178772866922,0.968452913969198,0.000100314748960646,0.0049544472911494,"PURG","29942","purine rich element binding protein G"
"ENSG00000245532.9",4457.39327278531,2.91157007494447,0.725021638107021,2.68276975626431e-06,0.000303372881618217,"NEAT1","283131","nuclear paraspeckle assembly transcript 1"
"ENSG00000134363.12",588.318158432534,2.90086621688232,0.788645279546552,8.66721731213424e-06,0.000747330812738775,"FST","10468","follistatin"
"ENSG00000180539.8",2.78490828293784,2.88921198701575,2.88694959282689,0.00592913393777173,0.083467685515815,"C9orf139","401563","chromosome 9 open reading frame 139"
"ENSG00000224594.2",8.31698189496695,2.86302514378902,2.2989930481645,0.00350604599400371,0.0599939155644633,NA,NA,NA
"ENSG00000269968.1",271.09106754022,2.84434941907897,1.61331515921898,0.00193491805251308,0.0409838220866998,NA,NA,NA
"ENSG00000140534.14",54.883309822294,2.80805634239511,1.14966589999912,0.000506068099924077,0.0162617597202311,"TICRR","90381","TOPBP1 interacting checkpoint and replication regulator"
"ENSG00000206561.13",15.6105782893676,2.78731408613417,1.06330280083184,0.000280197273399339,0.0109403818409923,"COLQ","8292","collagen like tail subunit of asymmetric acetylcholinesterase"
"ENSG00000286808.1",2.83915422981272,2.75102113790681,1.84631431427074,0.00509153338947087,0.0762403704498627,NA,NA,NA
"ENSG00000164591.13",6.26873222039581,2.69446803388718,1.40761297172882,0.00165629321966242,0.0371347041036773,"MYOZ3","91977","myozenin 3"
"ENSG00000255031.5",22.6599694224837,2.6813778290039,1.60064810182483,0.00239508648096714,0.0468580627669446,NA,NA,NA
"ENSG00000171812.13",157.750195714309,2.67738126797257,1.10754646973238,0.000682605298991622,0.0202957385881216,"COL8A2","1296","collagen type VIII alpha 2 chain"
"ENSG00000228434.1",22.1528468831414,2.61883356394937,0.969144332431517,0.00033511883828352,0.0122960092897857,NA,NA,NA
"ENSG00000123612.16",15.8769627181399,2.59403603737923,0.73192475933436,2.49489809430842e-05,0.00168723598573916,"ACVR1C","130399","activin A receptor type 1C"
"ENSG00000036672.16",5.81738715937872,2.57552494555594,1.28925884945519,0.00161007034771167,0.0364139844541479,"USP2","9099","ubiquitin specific peptidase 2"
"ENSG00000116678.19",406.01237122627,2.56191938382724,0.417355061454041,4.81340768993273e-11,3.32078500984017e-08,"LEPR","3953","leptin receptor"
"ENSG00000271533.1",45.1626957464802,2.55316100049343,0.795914933782863,6.86318198261624e-05,0.00376728615247375,NA,NA,NA
"ENSG00000126562.17",45.6234832169804,2.54835863780671,1.2705194266315,0.00136509281619419,0.0326580702177139,"WNK4","65266","WNK lysine deficient protein kinase 4"
"ENSG00000235997.3",8.60204755042289,2.5269813958764,1.67019391455084,0.00478529119410148,0.0732446863688876,NA,NA,NA
"ENSG00000267787.7",8.85440246697834,2.52660012132033,0.942651477357657,0.000300747177508251,0.0114555111349871,NA,NA,NA
"ENSG00000182010.11",207.540931242626,2.5258146578496,0.335645495720447,3.2944807147868e-15,9.739426273114e-12,"RTKN2","219790","rhotekin 2"
"ENSG00000244378.1",12.6476068462351,2.50763652996824,2.00946394095319,0.00384396413084515,0.0632329043908661,NA,NA,NA
"ENSG00000248483.7",6.22621984112713,2.50310030007364,1.36141347470787,0.00226341334210051,0.045130584701545,"POU5F2","134187","POU domain class 5, transcription factor 2"
"ENSG00000285077.2",23.246128614086,2.49943123397888,1.74750070021051,0.00300856259661648,0.0546248184593113,NA,NA,NA
"ENSG00000122966.16",215.476107290183,2.48917056835557,0.990396324559757,0.000425809159498267,0.0145167952992704,"CIT","11113","citron rho-interacting serine/threonine kinase"
"ENSG00000215417.13",10.6828541167157,2.48202151647289,1.39345104527226,0.00200668506205258,0.0420046090982281,"MIR17HG","407975","miR-17-92a-1 cluster host gene"
"ENSG00000122176.12",912.829873170444,2.4816698335791,0.684652627689882,1.39714560154065e-05,0.00110775981142844,"FMOD","2331","fibromodulin"
"ENSG00000276007.1",28.2229809701954,2.47660841387531,0.749278774551865,4.70068969412769e-05,0.00279612544068983,NA,NA,NA
"ENSG00000146411.6",60.1219315037478,2.47023322098732,1.13522872283609,0.00174620348919823,0.0383201855837414,"SLC2A12","154091","solute carrier family 2 member 12"
"ENSG00000152527.14",223.787215865604,2.45541429771879,0.480534515917373,1.72396535520287e-08,5.09653415150975e-06,"PLEKHH2","130271","pleckstrin homology, MyTH4 and FERM domain containing H2"
"ENSG00000182858.14",113.785879153768,2.45535094431285,0.956602771114413,0.000405139559297359,0.0141144074749151,"ALG12","79087","ALG12 alpha-1,6-mannosyltransferase"
"ENSG00000173611.17",178.802649356287,2.44659708529831,0.51820914987256,1.27655478701803e-07,2.61554700619319e-05,"SCAI","286205","suppressor of cancer cell invasion"
"ENSG00000159251.8",48.7113074199944,2.44588180279942,1.46873453353655,0.00282861400410005,0.0524136540945165,"ACTC1","70","actin alpha cardiac muscle 1"
"ENSG00000249740.3",6.38972065252503,2.44097005717416,1.4015844560757,0.00336281609443962,0.0586463842509176,"LINC01265","101926904","long intergenic non-protein coding RNA 1265"
"ENSG00000129757.13",653.020519566345,2.42774058847369,0.783633828034148,8.97232173979933e-05,0.0045508143647894,"CDKN1C","1028","cyclin dependent kinase inhibitor 1C"
"ENSG00000272316.1",33.7642837350976,2.42359436814597,0.7174449302723,3.5261389447875e-05,0.00225215800380964,NA,NA,NA
"ENSG00000236548.2",45.8631507381842,2.41368440694969,0.493680393139746,5.58481785302437e-08,1.29856427697176e-05,"RNF217-AS1","7955","RNF217 antisense RNA 1 (head to head)"
"ENSG00000187123.15",75.5814341341246,2.40830719852038,0.51473102618487,2.47621475811158e-07,4.3426091698611e-05,"LYPD6","130574","LY6/PLAUR domain containing 6"
"ENSG00000145526.12",12.2455106118114,2.40624929623235,2.13771178189563,0.00508027445937505,0.0761268643463485,"CDH18","1016","cadherin 18"
"ENSG00000110446.11",90.3063553357727,2.39797704301448,1.29050477505444,0.00216864047554659,0.0439978882362365,"SLC15A3","51296","solute carrier family 15 member 3"
"ENSG00000166897.15",151.025972367914,2.38790322160434,1.15741634147451,0.00269796006444032,0.0508999047018347,"ELFN2","114794","extracellular leucine rich repeat and fibronectin type III domain containing 2"
"ENSG00000255248.9",1272.41920481325,2.3760657889789,0.478461429916831,3.85085066521316e-08,9.83821032912607e-06,"MIR100HG","399959","mir-100-let-7a-2-mir-125b-1 cluster host gene"
"ENSG00000135476.12",65.2812005971734,2.37086629722472,1.43600202568301,0.00208390964147784,0.0429954398013384,"ESPL1","9700","extra spindle pole bodies like 1, separase"
"ENSG00000242588.6",29.2714489013546,2.36475972532553,1.32903876573698,0.00329658018120321,0.0580590895913355,NA,NA,NA
"ENSG00000176046.8",239.784246510205,2.36209480824836,0.859536917000154,0.000243350975293889,0.00987432369163085,"NUPR1","26471","nuclear protein 1, transcriptional regulator"
"ENSG00000256751.6",17.9867819540591,2.35724113292617,1.24802509432224,0.00310835395845464,0.0555477347290677,"PLBD1-AS1","101928290","PLBD1 antisense RNA 1"
"ENSG00000278983.1",6.74256387356804,2.35608988241385,1.78909688170759,0.004593141784979,0.0714881111584913,NA,NA,NA
"ENSG00000266896.1",4.58928300545388,2.35206086709708,1.10530901939478,0.00161289831694766,0.0364381198372433,NA,NA,NA
"ENSG00000137642.13",93.5857754447734,2.34339026354906,0.687291049543935,2.80876535349012e-05,0.00187498678145563,"SORL1","6653","sortilin related receptor 1"
"ENSG00000278765.1",8.82238879875818,2.34205911014405,1.71675933791211,0.00379521202244688,0.062931183968362,NA,NA,NA
"ENSG00000267348.3",4.53505972720105,2.32176464014394,1.57126805080433,0.00520316202097115,0.0771056163863831,"GEMIN7-AS1","105372419","GEMIN7 antisense RNA 1"
"ENSG00000198932.13",67.0804415550017,2.29510841349123,0.900048061683314,0.000445323257174339,0.0148877536089915,"GPRASP1","9737","G protein-coupled receptor associated sorting protein 1"
"ENSG00000243176.6",39.2543983173212,2.28466270515789,0.554105501811229,2.02467286165268e-06,0.000246462236464945,NA,NA,NA
"ENSG00000266086.3",22.2884437679826,2.25110702826598,1.77342620273505,0.00383589304660691,0.0632006136198116,NA,NA,NA
"ENSG00000076716.9",29.9487625813938,2.22908800065966,1.05733194314505,0.00126346131959273,0.0309740632581575,"GPC4","2239","glypican 4"
"ENSG00000286314.1",97.5754376613932,2.18171909589086,1.21963154664068,0.00381071395493713,0.063070971341625,NA,NA,NA
"ENSG00000278974.1",33.5222804962829,2.17359209011259,1.00914755500889,0.00302950639679684,0.0548012284749246,NA,NA,NA
"ENSG00000104043.14",159.800062291163,2.17320191453624,1.60293157143165,0.00397008432295672,0.064741469644812,"ATP8B4","79895","ATPase phospholipid transporting 8B4 (putative)"
"ENSG00000124613.8",19.947855884763,2.16455876394611,1.06270874525048,0.00124713425856628,0.030760663106997,"ZNF391","346157","zinc finger protein 391"
"ENSG00000213445.10",60.2508182010001,2.14579811037724,1.7327559181775,0.00585895594876842,0.0826484215431586,"SIPA1","6494","signal-induced proliferation-associated 1"
"ENSG00000285280.2",25.2379551264635,2.12833773532828,1.50038516228573,0.00377108423138913,0.0627826364315098,"LOC105371664","105371664","uncharacterized LOC105371664"
"ENSG00000251661.3",8.38015467804873,2.12559606753105,1.00268407963591,0.00138489326457608,0.0328409808243849,NA,NA,NA
"ENSG00000152818.18",832.800336020729,2.12423874968564,0.578729147905218,1.25659011809827e-05,0.00101182396513329,"UTRN","7402","utrophin"
"ENSG00000135744.8",150.122142069025,2.11650609641571,1.19902217394479,0.00246679990651479,0.0479866722464827,"AGT","183","angiotensinogen"
"ENSG00000279789.1",12.1903510631306,2.10865390882503,0.935564649312794,0.00142653087337302,0.033394377707671,NA,NA,NA
"ENSG00000146122.17",96.7921437221007,2.08969971972748,0.892886382391901,0.00079216860751966,0.0227051761274402,"DAAM2","23500","dishevelled associated activator of morphogenesis 2"
"ENSG00000233237.8",144.292106387194,2.08954313177286,0.441457951825062,1.35088392177798e-07,2.68799921896861e-05,"LINC00472","79940","long intergenic non-protein coding RNA 472"
"ENSG00000168874.13",34.8030378603088,2.08076722567602,0.941100216245157,0.00113033975182098,0.028806959143083,"ATOH8","84913","atonal bHLH transcription factor 8"
"ENSG00000273674.5",6.57830413018116,2.07525236437883,1.54218329430067,0.0041349719293451,0.0663634708664178,NA,NA,NA
"ENSG00000224729.6",6.16887540775484,2.06876129997998,1.7568445073671,0.006875482858086,0.0923904170553453,"PCOLCE-AS1","100129845","PCOLCE antisense RNA 1"
"ENSG00000261659.2",10.1358508807371,2.05995554050024,1.36171175209691,0.00358528299131063,0.0608233908336503,NA,NA,NA
"ENSG00000278949.1",8.30137287874518,2.05683357376033,1.63110389612369,0.00530637147809187,0.0780330571751081,NA,NA,NA
"ENSG00000261584.1",4.10315142773547,2.05481487359566,1.77631710909314,0.00768020354509541,0.0992098203259703,NA,NA,NA
"ENSG00000141448.10",23.2854429034324,2.04407441666169,0.902399363906607,0.00107980416971702,0.0278565782240832,"GATA6","2627","GATA binding protein 6"
"ENSG00000178852.16",18.3198425700314,2.02848919813613,1.57065899668942,0.00317318191868584,0.0563171754933831,"EFCAB13","124989","EF-hand calcium binding domain 13"
"ENSG00000144152.13",19.6093137011642,2.02339825005513,1.10183610807072,0.00381376222997893,0.063070971341625,"FBLN7","129804","fibulin 7"
"ENSG00000196436.8",15.44073620116,2.01442428476394,1.28578356356169,0.0033950310836131,0.0588915836309609,"NPIPB15","440348","nuclear pore complex interacting protein family member B15"
"ENSG00000170390.16",68.6961454476081,2.01108704655027,0.527117669142555,7.76417397325386e-06,0.00069372968969226,"DCLK2","166614","doublecortin like kinase 2"
"ENSG00000171533.11",46.1223727643387,2.0104393031381,1.12712062323266,0.00250240643702589,0.0483662519498723,"MAP6","4135","microtubule associated protein 6"
"ENSG00000245275.8",21.0215085416007,2.00947783246359,0.689755994798432,0.000167815653851681,0.00738888753363125,"SAP30L-AS1","386627","SAP30L antisense RNA 1 (head to head)"
"ENSG00000184588.18",590.297660920698,2.00734135681887,0.958946444509047,0.00140246672438442,0.0330554059161858,"PDE4B","5142","phosphodiesterase 4B"
"ENSG00000175455.15",1737.97281253163,2.00476552967087,0.27544506722071,2.48404368111615e-14,5.14047999370176e-11,"CCDC14","64770","coiled-coil domain containing 14"
"ENSG00000120594.17",280.776128570496,1.98926521296809,0.545747219614227,1.40561256545995e-05,0.00111021932937512,"PLXDC2","84898","plexin domain containing 2"
"ENSG00000267281.2",6.36481792507769,1.97416125542426,1.20172359187522,0.00626938354021845,0.0865501153977856,"NPFF","8620","neuropeptide FF-amide peptide precursor"
"ENSG00000133107.14",189.575652100502,1.9717392484138,0.675016442115986,0.000182924433402643,0.00790279378879812,"TRPC4","7223","transient receptor potential cation channel subfamily C member 4"
"ENSG00000259488.2",4.66782001771927,1.9552776327124,1.65667483442969,0.00657218531064555,0.0892439394937147,NA,NA,NA
"ENSG00000224660.2",61.4734916978562,1.93835398683658,0.688360618371343,0.00025077736983202,0.0100505939713338,"SH3BP5-AS1","100505696","SH3BP5 antisense RNA 1"
"ENSG00000273356.1",6.00861190132479,1.937967910189,1.5651586351314,0.00561763206228741,0.0803683376462356,NA,NA,NA
"ENSG00000204390.10",22.2807192155146,1.9328703549903,0.568985661054703,5.00123998271107e-05,0.00294021761938133,"HSPA1L","3305","heat shock protein family A (Hsp70) member 1 like"
"ENSG00000285399.2",6.54480975889583,1.92511152597568,1.34320439584603,0.00539106328752911,0.078610235253948,NA,NA,NA
"ENSG00000261799.1",74.0781246490668,1.91501717404894,0.396993811800648,9.17534071678224e-08,1.99867895571675e-05,NA,NA,NA
"ENSG00000196159.11",488.016312489795,1.91408538905886,1.00018452418935,0.00202120915854714,0.0421642160554178,"FAT4","79633","FAT atypical cadherin 4"
"ENSG00000159915.12",23.9965907437058,1.90651390090117,0.883236846815653,0.00127744284634788,0.0310605062940192,"ZNF233","353355","zinc finger protein 233"
"ENSG00000283189.2",48.6900795205349,1.9023950646615,0.716418933247764,0.00039853446500528,0.0139547753279514,NA,NA,NA
"ENSG00000158987.21",428.96975216526,1.89596888092887,1.01328675653814,0.00222357377112099,0.0446744035141532,"RAPGEF6","51735","Rap guanine nucleotide exchange factor 6"
"ENSG00000106484.16",1084.67865909163,1.88375880126125,0.531096512021594,2.33155318321287e-05,0.00161909938165796,"MEST","4232","mesoderm specific transcript"
"ENSG00000064547.14",20.392229406683,1.88239388087399,1.24918642762186,0.00568493547428273,0.0807983852859598,"LPAR2","9170","lysophosphatidic acid receptor 2"
"ENSG00000134343.14",9.96386109315289,1.86713870477628,2.19105320181806,0.0051509727480709,0.0766864964378268,"ANO3","63982","anoctamin 3"
"ENSG00000273247.5",18.0515609946097,1.8644352667628,0.603694681667119,0.000122575680963212,0.00590777150807056,NA,NA,NA
"ENSG00000185561.10",128.626502056868,1.86195864171788,0.444767042832069,1.86258163093733e-06,0.000236105347079959,"TLCD2","727910","TLC domain containing 2"
"ENSG00000166762.18",17.1383938736375,1.84633419451941,1.74498362336361,0.00524343892628642,0.0773949537379252,"CATSPER2","117155","cation channel sperm associated 2"
"ENSG00000196700.9",145.209240894479,1.82578886104837,1.63404036104772,0.0069009724894204,0.0926126619300037,"ZNF512B","57473","zinc finger protein 512B"
"ENSG00000149451.17",119.596802932251,1.82526533329315,1.49680878106641,0.00608050997282609,0.0847340561465744,"ADAM33","80332","ADAM metallopeptidase domain 33"
"ENSG00000236671.9",167.938618637051,1.82131345495603,2.27533528309257,0.00643986220276983,0.0882559658437874,NA,NA,NA
"ENSG00000170160.17",77.9929292021395,1.8133111597424,1.39244399700366,0.00495000258090967,0.0748796443050766,"CCDC144A","9720","coiled-coil domain containing 144A"
"ENSG00000213658.11",12.4039509643081,1.79596874150803,1.3202130782902,0.004630382202111,0.0717224021635367,"LAT","27040","linker for activation of T cells"
"ENSG00000167685.15",80.3244866364994,1.77258099967805,0.754435803077706,0.00108093323252821,0.0278565782240832,"ZNF444","55311","zinc finger protein 444"
"ENSG00000123154.12",29.9575456385615,1.77203127747219,0.988892006826601,0.0031416552211898,0.0560460458166395,"WDR83","84292","WD repeat domain 83"
"ENSG00000261326.4",41.6027584708239,1.7682295769784,0.578908884050558,0.000133890639634588,0.00622900151874166,NA,NA,NA
"ENSG00000173209.23",443.622926819265,1.76445834481169,0.87429429190883,0.00184945118361008,0.0398672320766948,"AHSA2P","130872","activator of HSP90 ATPase homolog 2, pseudogene"
"ENSG00000115325.13",38.890234344039,1.76071188330071,0.912871410657174,0.00279939343265723,0.052212652044673,"DOK1","1796","docking protein 1"
"ENSG00000248334.6",44.8683184373708,1.75519062336798,0.516849292933283,4.21594021237035e-05,0.00258886251497899,NA,NA,NA
"ENSG00000091656.19",448.07575856715,1.75407701469388,1.00594278049714,0.00298890249200211,0.0543517997974443,"ZFHX4","79776","zinc finger homeobox 4"
"ENSG00000276141.4",73.3268363810714,1.73781859569939,0.676808821746014,0.000533781695825291,0.0169418380573751,NA,NA,NA
"ENSG00000170385.10",647.440689675848,1.73691828411924,0.354725259179827,7.94517660539181e-08,1.74912217736147e-05,"SLC30A1","7779","solute carrier family 30 member 1"
"ENSG00000153790.12",27.9658365973793,1.72326081858607,1.01947826587853,0.00311413437706512,0.0556030170828176,"C7orf31","136895","chromosome 7 open reading frame 31"
"ENSG00000183889.12",143.212538818368,1.7181694127041,0.85345366258766,0.00192962500106973,0.040955548484243,NA,NA,NA
"ENSG00000184786.6",9.81266482212679,1.71684381544672,0.827365362738743,0.0023104054270815,0.0457526601990665,"TCTE3","6991","t-complex-associated-testis-expressed 3"
"ENSG00000264112.1",111.471399499205,1.71614124685985,0.466769567451223,1.56903118006314e-05,0.00120730173690564,NA,NA,NA
"ENSG00000172059.11",126.630799033296,1.70754264924858,0.405832342194598,1.8711354460768e-06,0.000236105347079959,"KLF11","8462","Kruppel like factor 11"
"ENSG00000164099.3",388.944742242625,1.6991603119221,2.1112389792763,0.00685112549223566,0.0922428047731456,"PRSS12","8492","serine protease 12"
"ENSG00000132781.18",21.2941995173443,1.69829981689932,0.947733297210242,0.00348759088323274,0.0598939466702227,"MUTYH","4595","mutY DNA glycosylase"
"ENSG00000116016.14",2755.74322683185,1.69649937357841,0.49096898423837,3.55373116042165e-05,0.00226279731180817,"EPAS1","2034","endothelial PAS domain protein 1"
"ENSG00000189423.13",66.6371876379889,1.69295011895975,0.754890802521153,0.00120412199507143,0.0299485167689943,NA,NA,NA
"ENSG00000259429.5",9.3566968956652,1.68349595974261,0.826745176144748,0.00252630652777262,0.048677269353563,NA,NA,NA
"ENSG00000280739.3",32.3713816916343,1.67854966315598,1.0630171415356,0.00396320297562809,0.0646802226953058,"EIF1B-AS1","440952","EIF1B antisense RNA 1"
"ENSG00000050327.15",79.2542485941884,1.66479017148547,0.695667251460586,0.000887495705719591,0.024520475479521,"ARHGEF5","7984","Rho guanine nucleotide exchange factor 5"
"ENSG00000110318.15",129.274758355114,1.66341391026303,1.01425925052041,0.00344953334772134,0.0594376711887971,"CEP126","57562","centrosomal protein 126"
"ENSG00000165124.18",1610.52287793043,1.65525204716629,0.828805746636881,0.00209182120582029,0.0430727841126817,"SVEP1","79987","sushi, von Willebrand factor type A, EGF and pentraxin domain containing 1"
"ENSG00000233369.7",1818.38570582035,1.64856498768693,0.403066499837743,3.22107549896475e-06,0.000344714585594025,"GTF2IP4","100093631","general transcription factor IIi pseudogene 4"
"ENSG00000104205.15",252.862221664311,1.64556666369136,0.39212263238725,1.98152859683519e-06,0.000244081861803021,"SGK3","23678","serum/glucocorticoid regulated kinase family member 3"
"ENSG00000133422.13",347.364668507949,1.63264293637557,0.681766675938946,0.000827922667559569,0.0234377998392308,"MORC2","22880","MORC family CW-type zinc finger 2"
"ENSG00000171105.14",160.192993966972,1.62704553775808,0.705632513879502,0.00111131749682493,0.0284271993563599,"INSR","3643","insulin receptor"
"ENSG00000237094.12",20.5265234909795,1.6232772529981,0.978857694430622,0.00418281178720913,0.0667894345096495,NA,NA,NA
"ENSG00000125551.19",34.9509948457181,1.62166203745628,1.19912603389511,0.00564294938629459,0.0803683376462356,"PLGLB2","5342","plasminogen like B2"
"ENSG00000196689.12",29.0928196095304,1.6211998694145,0.863449118852674,0.00296449191442215,0.0540980561526032,"TRPV1","7442","transient receptor potential cation channel subfamily V member 1"
"ENSG00000279168.2",47.9385859351553,1.61716718628058,1.10519796832236,0.00549339005369825,0.0792532427532744,NA,NA,NA
"ENSG00000133026.12",1495.64190328245,1.61049573004066,0.501504136677405,8.76270081260664e-05,0.00449160367036867,"MYH10","4628","myosin heavy chain 10"
"ENSG00000235257.9",27.810045509072,1.60735481937357,1.10595257815146,0.00501699546219866,0.0752876751956048,"ITGA9-AS1","101928153","ITGA9 antisense RNA 1"
"ENSG00000139597.18",23.0518718571362,1.6038137226962,1.02460039999857,0.00441941015008834,0.0695263959587569,"N4BP2L1","90634","NEDD4 binding protein 2 like 1"
"ENSG00000284773.1",17.5853997374591,1.60224063640822,0.785016976462619,0.00210219079761913,0.0432047527010304,NA,NA,NA
"ENSG00000134744.14",409.870655936873,1.60163220239098,0.394332316807315,3.53739684023198e-06,0.000367853719657088,"TUT4","23318","terminal uridylyl transferase 4"
"ENSG00000100600.15",436.532091239387,1.59823392035507,0.720770131442848,0.00139442037030116,0.0329407935422514,"LGMN","5641","legumain"
"ENSG00000152154.11",18.5399834379653,1.59551887849585,0.940360683751142,0.00419176189726124,0.0668807407108127,"TMEM178A","130733","transmembrane protein 178A"
"ENSG00000261997.1",6.16231367554,1.58389307889683,1.171591971434,0.00642451196190329,0.0881039433662205,NA,NA,NA
"ENSG00000172345.14",247.894451436255,1.5813275240591,0.491933984564568,9.24361315454622e-05,0.00466554464927267,"STARD5","80765","StAR related lipid transfer domain containing 5"
"ENSG00000133687.16",2919.54388826467,1.57998534681986,0.570423806613081,0.000357919139972977,0.0128589907684042,"TMTC1","83857","transmembrane O-mannosyltransferase targeting cadherins 1"
"ENSG00000197121.15",221.171681917964,1.57797800269376,0.459581936623489,3.90915647715207e-05,0.00243662904030677,"PGAP1","80055","post-GPI attachment to proteins inositol deacylase 1"
"ENSG00000088448.14",493.93051404345,1.56599389119608,0.432776738677422,2.12356862491804e-05,0.00151014189429738,"ANKRD10","55608","ankyrin repeat domain 10"
"ENSG00000189195.13",62.3803992721122,1.56563916728208,0.674946812372878,0.000967978261614769,0.0259991945490992,"KIAA1107","23285","KIAA1107"
"ENSG00000143494.15",15.2077869132952,1.5636865935981,1.417893489167,0.0056950256643332,0.0807983852859598,"VASH2","79805","vasohibin 2"
"ENSG00000259959.1",30.7233959572619,1.55452631294848,0.563228557103992,0.000370630306093262,0.0131557865425282,NA,NA,NA
"ENSG00000263412.1",15.1957194554403,1.55432781063501,2.00904561390757,0.00705093447585758,0.0938944903754162,NA,NA,NA
"ENSG00000244627.5",20.7531678917995,1.54277197654155,0.817091743462708,0.00291055132394039,0.0534910737989541,NA,NA,NA
"ENSG00000279453.1",101.137098777402,1.54135829319514,0.620081542494781,0.000763465587180312,0.0221490440235561,NA,NA,NA
"ENSG00000204219.11",48.1769719434082,1.53643229621005,1.27160126013609,0.00686443713996487,0.0923019247397225,"TCEA3","6920","transcription elongation factor A3"
"ENSG00000237356.7",7.56909323649725,1.53319217013607,1.07433714229369,0.00628194770905977,0.0866657505941886,NA,NA,NA
"ENSG00000232653.8",51.0035269413606,1.53108601025213,0.683242534820841,0.00138238908917495,0.0328409808243849,"GOLGA8N","643699","golgin A8 family member N"
"ENSG00000142149.9",105.897524470998,1.53106009068795,0.630629270793637,0.000903574581991479,0.0248651228719836,"HUNK","30811","hormonally up-regulated Neu-associated kinase"
"ENSG00000150764.14",416.533965787203,1.52790853831329,0.372320188204182,3.13009988709924e-06,0.00034272109557477,"DIXDC1","85458","DIX domain containing 1"
"ENSG00000073605.18",71.4058736164883,1.51627612182605,0.961808414466947,0.00458774376906665,0.0714881111584913,"GSDMB","55876","gasdermin B"
"ENSG00000160094.15",81.4732506600209,1.51018644455969,1.06549317540099,0.00560562242741035,0.0802787200780828,"ZNF362","149076","zinc finger protein 362"
"ENSG00000185024.17",80.6487965784709,1.50486578600087,0.991547663499088,0.00770562714824748,0.0994065768262846,"BRF1","2972","BRF1 RNA polymerase III transcription initiation factor subunit"
"ENSG00000134243.12",1572.58054237014,1.50460399081987,0.685210080178964,0.00156971915268833,0.0356181668264609,"SORT1","6272","sortilin 1"
"ENSG00000273784.4",23.1191714207781,1.49611946124494,0.948443235614488,0.00516612765185611,0.0767533276675355,NA,NA,NA
"ENSG00000233178.7",30.9304354378894,1.49504784691475,0.573889787371391,0.000575908951720647,0.0178678558424394,NA,NA,NA
"ENSG00000129534.14",216.641345719848,1.49155446013597,1.0001625790511,0.00520865614078555,0.0771056163863831,"MIS18BP1","55320","MIS18 binding protein 1"
"ENSG00000165507.9",111.967841720358,1.48119493775136,0.997259564418701,0.0054887461461469,0.0792532427532744,"DEPP1","11067","DEPP1 autophagy regulator"
"ENSG00000134317.18",33.1911468730357,1.47973272086657,0.712208174993564,0.00220660833226814,0.0443766305422322,"GRHL1","29841","grainyhead like transcription factor 1"
"ENSG00000280164.1",18.785829291547,1.47798946084012,1.21305579662196,0.00711904471468569,0.0945580945607867,NA,NA,NA
"ENSG00000237649.8",35.3523334748894,1.47605089657928,0.857106805659815,0.00365211934042323,0.0613421781929643,"KIFC1","3833","kinesin family member C1"
"ENSG00000184619.6",26.9993758754996,1.46780948505322,0.7559905546696,0.00276904587612414,0.0518107010492884,"KRBA2","124751","KRAB-A domain containing 2"
"ENSG00000101974.14",625.074964539271,1.46584878253812,0.361551089966441,4.12223832761824e-06,0.000420224630304098,"ATP11C","286410","ATPase phospholipid transporting 11C"
"ENSG00000104870.13",160.03213389584,1.46305362093931,0.863399675132546,0.00413735239801195,0.0663634708664178,"FCGRT","2217","Fc fragment of IgG receptor and transporter"
"ENSG00000154237.13",125.262114303777,1.45964394219776,0.522715745521314,0.0003606776126586,0.0129132569487147,"LRRK1","79705","leucine rich repeat kinase 1"
"ENSG00000136828.19",38.330969805607,1.45933670353663,0.672558281082465,0.00168004094624475,0.0374022404649369,"RALGPS1","9649","Ral GEF with PH domain and SH3 binding motif 1"
"ENSG00000133812.15",647.170646295717,1.45632489995402,0.421352219754308,4.20979191279232e-05,0.00258886251497899,"SBF2","81846","SET binding factor 2"
"ENSG00000120008.16",1106.84147829864,1.45050570500319,0.637753317684054,0.00137432116633368,0.0327275054270532,"WDR11","55717","WD repeat domain 11"
"ENSG00000155760.2",466.844343827407,1.44713131274229,1.17036295982956,0.00708602942375685,0.0942203329542489,"FZD7","8324","frizzled class receptor 7"
"ENSG00000273576.1",17.0585082220257,1.44344177453601,0.733768895619598,0.0030339572614035,0.0548157704774667,NA,NA,NA
"ENSG00000262155.2",10.9071799189821,1.43568008422717,0.853816034608152,0.00500009990236357,0.0751603151422088,"LINC02175","283887","long intergenic non-protein coding RNA 2175"
"ENSG00000247373.3",18.568283433713,1.4344454688477,0.689767668765782,0.00229648808699357,0.0456079889368953,NA,NA,NA
"ENSG00000231160.10",11.8346864397475,1.42914460866869,1.12167196552548,0.00706848520293323,0.0940676738196143,NA,NA,NA
"ENSG00000196418.12",45.6716003856699,1.42881355395497,0.476074951120655,0.000194367678745047,0.00825922945369612,"ZNF124","7678","zinc finger protein 124"
"ENSG00000143554.14",29.2218367279987,1.42182087629759,1.03907086750835,0.00652453178092432,0.0889450992585296,"SLC27A3","11000","solute carrier family 27 member 3"
"ENSG00000054793.14",962.027061098241,1.42144283477915,0.516355525175192,0.000417648921272296,0.0143391909243524,"ATP9A","10079","ATPase phospholipid transporting 9A (putative)"
"ENSG00000228223.3",193.677587315916,1.4095895044842,0.261198615881606,6.55184115591267e-09,2.29803052339757e-06,"HCG11","493812","HLA complex group 11"
"ENSG00000198315.11",346.327874120217,1.40236315846348,0.339374303077647,3.18698738413181e-06,0.000343820062467733,"ZKSCAN8","7745","zinc finger with KRAB and SCAN domains 8"
"ENSG00000154874.15",71.408840356511,1.40024934896297,0.616586745072896,0.00139223377456263,0.0329267265494846,"CCDC144B","284047","coiled-coil domain containing 144B (pseudogene)"
"ENSG00000227376.1",28.6912858295709,1.39745310898118,1.06239790397214,0.00740824185773405,0.0972137964514575,NA,NA,NA
"ENSG00000280099.1",20.9288406895268,1.38938352772908,0.770431375300561,0.00391126459954165,0.0639334199233136,NA,NA,NA
"ENSG00000136153.20",2357.8572068238,1.38818469853695,0.75403613349984,0.00351069544661842,0.0599939155644633,"LMO7","4008","LIM domain 7"
"ENSG00000134909.18",118.925615085097,1.38308852060636,0.449927341798402,0.000171487152095269,0.00750265354219769,"ARHGAP32","9743","Rho GTPase activating protein 32"
"ENSG00000259877.2",12.3358889115199,1.38083525325793,0.935571236530305,0.00656814711726861,0.0892439394937147,NA,NA,NA
"ENSG00000165115.15",52.1268189985317,1.37756306910463,0.610077740421858,0.00147942238047802,0.034398824933433,"KIF27","55582","kinesin family member 27"
"ENSG00000135540.11",88.0838984200106,1.37720379753572,0.630040564329907,0.00176492189977427,0.0386398031694429,"NHSL1","57224","NHS like 1"
"ENSG00000166839.17",27.6872003138498,1.37704208410441,0.791539055519231,0.00431680559544024,0.0683521484798948,"ANKDD1A","348094","ankyrin repeat and death domain containing 1A"
"ENSG00000153993.13",72.7797252183445,1.37593824145553,0.766007702147212,0.0038717874175108,0.0634887233105931,"SEMA3D","223117","semaphorin 3D"
"ENSG00000105866.15",48.1095478967046,1.37520978405402,0.527086946174817,0.000655723254031123,0.0197231642716861,"SP4","6671","Sp4 transcription factor"
"ENSG00000280077.1",54.4619233720729,1.36403847538469,0.411944670169225,7.62606928053646e-05,0.00413523782878216,NA,NA,NA
"ENSG00000120690.16",647.220801946007,1.358566729523,0.304379550042142,7.59142976347967e-07,0.000113019458651402,"ELF1","1997","E74 like ETS transcription factor 1"
"ENSG00000109339.24",99.6684472388249,1.35780207755159,0.756919505318117,0.00394241934957606,0.0643918121705817,"MAPK10","5602","mitogen-activated protein kinase 10"
"ENSG00000188933.16",155.040682596514,1.33671727487566,1.00384786971721,0.00734484495178722,0.09662696848842,"USP32P1","162632","ubiquitin specific peptidase 32 pseudogene 1"
"ENSG00000116191.17",568.177958772779,1.33525122547764,0.355338800590983,1.5693639085127e-05,0.00120730173690564,"RALGPS2","55103","Ral GEF with PH domain and SH3 binding motif 2"
"ENSG00000213928.9",281.567781259839,1.32829426319111,0.334486830149454,6.72168247412783e-06,0.000629404964342088,"IRF9","10379","interferon regulatory factor 9"
"ENSG00000118515.11",1025.2308764526,1.3096262810085,0.480426194024884,0.000511147817359548,0.0163741376663135,"SGK1","6446","serum/glucocorticoid regulated kinase 1"
"ENSG00000096696.14",814.453102518038,1.30686517921871,0.73741902150182,0.0042810408003906,0.0680429019380054,"DSP","1832","desmoplakin"
"ENSG00000134294.14",11653.3747008206,1.30351690851501,0.468219933858522,0.000434027828666848,0.0147001176537345,"SLC38A2","54407","solute carrier family 38 member 2"
"ENSG00000198157.11",100.720787117678,1.30176558497415,0.602148675131704,0.0020307399291908,0.0422777988880025,"HMGN5","79366","high mobility group nucleosome binding domain 5"
"ENSG00000213722.9",116.009770928327,1.29658605997141,0.748121581815857,0.00479096730073798,0.0732773668303561,"DDAH2","23564","dimethylarginine dimethylaminohydrolase 2"
"ENSG00000268043.7",273.971519601885,1.29499332694062,0.602537860809581,0.00215135523510807,0.0437759540170368,"NBPF12","149013","NBPF member 12"
"ENSG00000106780.9",635.819828827647,1.29448289087713,0.247119640410882,1.69149240655912e-08,5.07300635671514e-06,"MEGF9","1955","multiple EGF like domains 9"
"ENSG00000250091.3",65.3611223623492,1.29409943833954,0.905868141667482,0.00733854402521941,0.0966084803036787,NA,NA,NA
"ENSG00000214193.11",32.5247669002262,1.29005023399776,0.60824125998073,0.0023789804120294,0.0466199059152807,"SH3D21","79729","SH3 domain containing 21"
"ENSG00000234420.7",111.925205451432,1.28833102302034,0.525907214352609,0.00103768260562335,0.0270791977815506,"ZNF37BP","100129482","zinc finger protein 37B, pseudogene"
"ENSG00000249437.7",36.870275723882,1.28658055877397,0.586134231962234,0.00194154008734797,0.041040072081286,"NAIP","4671","NLR family apoptosis inhibitory protein"
"ENSG00000272990.1",13.8933526793974,1.28285804481322,0.66951043658833,0.00381888117768706,0.063070971341625,NA,NA,NA
"ENSG00000172037.14",901.920820231037,1.27372108643761,0.664387992710556,0.00350166143536775,0.0599862431651491,"LAMB2","3913","laminin subunit beta 2"
"ENSG00000116984.13",682.999894923375,1.26004918230896,0.348265253226006,2.87569915381161e-05,0.00189521395824769,"MTR","4548","5-methyltetrahydrofolate-homocysteine methyltransferase"
"ENSG00000267002.4",77.7837386186048,1.25528014637674,0.541638996843333,0.00156969258554853,0.0356181668264609,NA,NA,NA
"ENSG00000128881.17",319.889375441127,1.2545149218917,0.337205545279219,2.0056499040739e-05,0.00143120410741053,"TTBK2","146057","tau tubulin kinase 2"
"ENSG00000170581.14",1259.54317732793,1.24344241098067,0.442661180401634,0.000434013677661453,0.0147001176537345,"STAT2","6773","signal transducer and activator of transcription 2"
"ENSG00000267680.5",206.631536359545,1.23026375708287,0.360883196908279,6.30440057217456e-05,0.00354170887999415,"ZNF224","7767","zinc finger protein 224"
"ENSG00000103197.18",379.357508506442,1.23023951075671,0.48785147902159,0.000909816780923092,0.0249374151846655,"TSC2","7249","TSC complex subunit 2"
"ENSG00000197978.9",47.5982861226251,1.22342324446784,0.497499855061704,0.00115465418714938,0.0291040362349198,"GOLGA6L9","440295","golgin A6 family like 9"
"ENSG00000137496.18",50.1751050540972,1.21831406826439,0.586892011318483,0.0027153276257622,0.0511345406943077,"IL18BP","10068","interleukin 18 binding protein"
"ENSG00000187566.6",22.3389706468297,1.21713260723276,0.623711514348274,0.003898908691704,0.0637818311985159,"NHLRC1","378884","NHL repeat containing E3 ubiquitin protein ligase 1"
"ENSG00000077458.13",133.710063190709,1.21570181024184,0.490428551019615,0.00109537687515805,0.0281586696329449,"FAM76B","143684","family with sequence similarity 76 member B"
"ENSG00000280347.1",47.840297538996,1.2133529732458,0.608428332052527,0.00346562944918079,0.059615740499873,NA,NA,NA
"ENSG00000124177.15",1065.38262687564,1.20760636167839,0.559553960483109,0.00237601750206451,0.0466059774291212,"CHD6","84181","chromodomain helicase DNA binding protein 6"
"ENSG00000146373.16",386.724896235876,1.2070618234304,0.4207313647302,0.00037414876764848,0.0132352728166114,"RNF217","154214","ring finger protein 217"
"ENSG00000167202.11",671.09698396698,1.20112677945587,0.5749758468198,0.00275238869159337,0.0515923293331823,"TBC1D2B","23102","TBC1 domain family member 2B"
"ENSG00000111364.16",207.154761272537,1.199494293301,0.640065420849403,0.00404258278655484,0.0654594743231345,"DDX55","57696","DEAD-box helicase 55"
"ENSG00000105612.9",358.70554121103,1.198068637762,0.273882725299529,1.35240838366284e-06,0.000181732072022849,"DNASE2","1777","deoxyribonuclease 2, lysosomal"
"ENSG00000248508.8",101.485580884866,1.19076887054239,0.32214836018156,2.37332453169173e-05,0.00163711926196096,"SRP14-AS1","100131089","SRP14 antisense RNA1 (head to head)"
"ENSG00000212916.4",20.6110776592398,1.18938569002989,0.65790461694824,0.00541619017822219,0.0788084858857162,"MAP10","54627","microtubule associated protein 10"
"ENSG00000168502.17",532.959936100446,1.18249134072079,0.668083740147319,0.00497755207170958,0.0750510409140581,"MTCL1","23255","microtubule crosslinking factor 1"
"ENSG00000215158.9",26.1200082776467,1.18111188277928,0.659767009214172,0.0051043854008647,0.0762672573902484,NA,NA,NA
"ENSG00000137942.16",296.109860074598,1.17912487207758,0.665769845341106,0.00497125656269476,0.0750366034342855,"FNBP1L","54874","formin binding protein 1 like"
"ENSG00000139132.14",499.990493101726,1.17749271813926,0.726263281839504,0.00657232839414426,0.0892439394937147,"FGD4","121512","FYVE, RhoGEF and PH domain containing 4"
"ENSG00000231185.7",14.8383509373196,1.17725914098466,0.592341381460618,0.00414088255838041,0.0663634708664178,"SPRY4-AS1","101926941","SPRY4 antisense RNA 1"
"ENSG00000184206.12",87.3871227627184,1.17701632124343,0.568961569361671,0.0029305260822286,0.0536675280934855,"GOLGA6L4","643707","golgin A6 family like 4"
"ENSG00000157796.18",281.25500035145,1.1764895557761,0.482156136451615,0.00131210684969206,0.0316834762514906,"WDR19","57728","WD repeat domain 19"
"ENSG00000164306.11",120.613722078148,1.17632920528928,0.495518698041738,0.00150365384467352,0.0347671649851104,"PRIMPOL","201973","primase and DNA directed polymerase"
"ENSG00000143382.15",43.6082337223004,1.17525264564895,0.518757898023871,0.00204493237502967,0.0424877816956466,"ADAMTSL4","54507","ADAMTS like 4"
"ENSG00000263956.6",242.250238371939,1.17034154324065,0.269356458351996,1.80505233743733e-06,0.000232010888639305,"NBPF11","200030","NBPF member 11"
"ENSG00000138439.12",107.671892203176,1.16540722809928,0.518303783432982,0.00204026770992427,0.0424334673258019,"FAM117B","150864","family with sequence similarity 117 member B"
"ENSG00000272631.1",22.2646557185054,1.15725510258467,0.475394357336724,0.00143073641944052,0.0334172228712213,NA,NA,NA
"ENSG00000273723.1",18.6117227898723,1.15483352412271,0.664886786502335,0.00598751073196952,0.0838480163848192,NA,NA,NA
"ENSG00000182752.10",3094.90527005652,1.15059788419915,0.481430594079313,0.00151754179805892,0.0349186965444062,"PAPPA","5069","pappalysin 1"
"ENSG00000245498.7",30.2525625495313,1.1491671264708,0.568454523345113,0.00361252947395892,0.0611028406445868,"LOC100507283","100507283","uncharacterized LOC100507283"
"ENSG00000127946.17",939.550240453596,1.14011094139266,0.402229322919622,0.000467796268861562,0.0153401943425805,"HIP1","3092","huntingtin interacting protein 1"
"ENSG00000139631.18",121.796831049982,1.13920293467179,0.398799509019074,0.000430906789509074,0.014642340069131,"CSAD","51380","cysteine sulfinic acid decarboxylase"
"ENSG00000196586.16",1065.13860510754,1.13637729164593,0.190329034879113,3.08788322855418e-10,1.8469084898284e-07,"MYO6","4646","myosin VI"
"ENSG00000280383.1",19.2962468699218,1.13446681745701,0.670051459356082,0.0065156494507761,0.0888825640964803,NA,NA,NA
"ENSG00000152518.8",17801.5208289287,1.12679683647193,0.332870483645675,8.07245555000995e-05,0.00427241419825846,"ZFP36L2","678","ZFP36 ring finger protein like 2"
"ENSG00000247934.4",13.5410591225102,1.116796723511,0.639406723257919,0.00632238342700192,0.0870672580532806,NA,NA,NA
"ENSG00000169871.13",838.71132236346,1.1150023231383,0.416923587316473,0.000763856172653242,0.0221490440235561,"TRIM56","81844","tripartite motif containing 56"
"ENSG00000147027.4",2674.80329835752,1.11392078124335,0.615757125692744,0.00539794840513483,0.078610235253948,"TMEM47","83604","transmembrane protein 47"
"ENSG00000154305.18",929.861073649267,1.10296538460453,0.374841469933497,0.000343329532769727,0.0124428394941099,"MIA3","375056","MIA SH3 domain ER export factor 3"
"ENSG00000131069.20",434.241781787825,1.09885550518712,0.518718573459213,0.00305121484718359,0.0549715746960935,"ACSS2","55902","acyl-CoA synthetase short chain family member 2"
"ENSG00000085982.13",372.723971902751,1.0955029648525,0.554391480648357,0.00405469114289016,0.0655529519616945,"USP40","55230","ubiquitin specific peptidase 40"
"ENSG00000174437.17",5560.64746596168,1.09435073449381,0.584746011610377,0.00497946647216593,0.0750510409140581,"ATP2A2","488","ATPase sarcoplasmic/endoplasmic reticulum Ca2+ transporting 2"
"ENSG00000183060.15",96.9933332691069,1.09281195957368,0.470282027154048,0.00194658043299831,0.0411046280412929,"LYSMD4","145748","LysM domain containing 4"
"ENSG00000150593.18",1020.7396579015,1.09253140983932,0.272227852737242,7.77041737006821e-06,0.00069372968969226,"PDCD4","27250","programmed cell death 4"
"ENSG00000175265.17",241.134846106495,1.08970803615809,0.496975028178242,0.0025899100712738,0.0496255546434631,"GOLGA8A","23015","golgin A8 family member A"
"ENSG00000244754.8",1792.09485306376,1.08923561583498,0.302229303580036,4.25595423118562e-05,0.00260570168225311,"N4BP2L2","10443","NEDD4 binding protein 2 like 2"
"ENSG00000198740.8",376.269072716723,1.08449841435864,0.357107782972174,0.000273530682473103,0.0107817979868541,"ZNF652","22834","zinc finger protein 652"
"ENSG00000196605.7",58.2311556553882,1.08421505752346,0.472276522838989,0.00218288877705438,0.0441818867249569,"ZNF846","162993","zinc finger protein 846"
"ENSG00000083642.19",430.510569315415,1.08272821119788,0.446927286974965,0.00155458440206168,0.0354692057511184,"PDS5B","23047","PDS5 cohesin associated factor B"
"ENSG00000008256.16",195.767412241165,1.07827985860491,0.520484260647405,0.00349599388884238,0.0599387717777168,"CYTH3","9265","cytohesin 3"
"ENSG00000137103.20",136.189173276176,1.07810575766094,0.53485858324508,0.0038708143850571,0.0634887233105931,"TMEM8B","51754","transmembrane protein 8B"
"ENSG00000184208.12",85.2370963282682,1.07502075729037,0.521744161538602,0.0036102893475118,0.0611028406445868,"C22orf46","79640","CTA-216E10.6"
"ENSG00000116663.11",83.6879274742133,1.07360099707396,0.527911397845392,0.00388667629322448,0.0636320246930279,"FBXO6","26270","F-box protein 6"
"ENSG00000140836.17",498.77688105617,1.0718524726961,0.516956735896981,0.00356065184863118,0.0605955011147809,"ZFHX3","463","zinc finger homeobox 3"
"ENSG00000047346.12",494.194386965317,1.06416839535482,0.536057967212587,0.00414558841912738,0.0663634708664178,"FAM214A","56204","family with sequence similarity 214 member A"
"ENSG00000215908.10",61.3766362629932,1.06289489377377,0.558315389133094,0.00521182369268258,0.0771056163863831,"CROCCP2","84809","CROCC pseudogene 2"
"ENSG00000152117.17",46.0446406664666,1.0582279142273,0.514276034684562,0.00400654933356367,0.0650796953757979,"LOC150776","150776","sphingomyelin phosphodiesterase 4, neutral membrane (neutral sphingomyelinase-3) pseudogene"
"ENSG00000070759.17",30.3744207067963,1.05451941769325,0.624410195058954,0.0074544942452223,0.0975732472553006,"TESK2","10420","testis associated actin remodelling kinase 2"
"ENSG00000158691.14",54.0603978359015,1.04653855975981,0.433980133224977,0.00166342287952594,0.0372541916330194,"ZSCAN12","9753","zinc finger and SCAN domain containing 12"
"ENSG00000133858.16",757.911507722806,1.03447178836299,0.279408260444206,2.85356611567428e-05,0.00189268260249242,"ZFC3H1","196441","zinc finger C3H1-type containing"
"ENSG00000137504.13",385.906199329407,1.03048512717785,0.43665045654325,0.00197196994385164,0.0414811074666146,"CREBZF","58487","CREB/ATF bZIP transcription factor"
"ENSG00000253276.3",806.921140657346,1.02225351543836,0.359991189036221,0.000554475507053126,0.0173590259348826,"CCDC71L","168455","coiled-coil domain containing 71 like"
"ENSG00000166912.17",444.853203901596,1.02016350112812,0.418723434516429,0.00167145159315485,0.0373310493315581,"MTMR10","54893","myotubularin related protein 10"
"ENSG00000077254.14",820.003380508093,1.01694312656504,0.290748517922503,6.29283588333673e-05,0.00354170887999415,"USP33","23032","ubiquitin specific peptidase 33"
"ENSG00000163257.11",337.332615282926,1.01519112357395,0.235559318799554,2.38809223984203e-06,0.000279204411363226,"DCAF16","54876","DDB1 and CUL4 associated factor 16"
"ENSG00000118762.8",1846.53982616165,1.01502609155243,0.29763805394397,8.81675307419999e-05,0.00450499651682265,"PKD2","5311","polycystin 2, transient receptor potential cation channel"
"ENSG00000174804.4",390.004427187976,1.01335148221532,0.347033552498403,0.000453162320536117,0.0150461871847524,"FZD4","8322","frizzled class receptor 4"
"ENSG00000167785.9",176.705704087467,1.01149471527437,0.504471183805968,0.00448357572240203,0.0702902393934755,"ZNF558","148156","zinc finger protein 558"
"ENSG00000167996.16",30943.458682799,1.00943631201,0.347377032941776,0.000464001229832897,0.0152898749206401,"FTH1","2495","ferritin heavy chain 1"
"ENSG00000160305.18",287.290936215722,1.00782292686956,0.387809086094135,0.00111866731058821,0.0285446378857121,"DIP2A","23181","disco interacting protein 2 homolog A"
"ENSG00000157426.14",191.805103460795,1.00199273100219,0.466491790579282,0.00340938041532915,0.0589421205637606,"AASDH","132949","aminoadipate-semialdehyde dehydrogenase"
"ENSG00000081377.17",287.858282788212,1.00104968383426,0.444302911881896,0.00266061142234885,0.0505589465326788,"CDC14B","8555","cell division cycle 14B"
"ENSG00000108582.12",3708.4643918755,1.00097756718692,0.445358215945733,0.00273010074726556,0.0513139917020104,"CPD","1362","carboxypeptidase D"
"ENSG00000176542.10",258.029021535679,0.987916191419038,0.482827219195951,0.00431295827350557,0.0683521484798948,"USF3","205717","upstream transcription factor family member 3"
"ENSG00000115904.13",722.641670875189,0.987302407129046,0.529226256877077,0.00635813213060363,0.0874835015363774,"SOS1","6654","SOS Ras/Rac guanine nucleotide exchange factor 1"
"ENSG00000123836.15",191.59506019275,0.986171642407545,0.52575309359001,0.00614640121914635,0.0855370725144685,"PFKFB2","5208","6-phosphofructo-2-kinase/fructose-2,6-biphosphatase 2"
"ENSG00000119397.16",77.2167034933567,0.983576890128841,0.530125174446307,0.00621093075541033,0.0861454430646524,"CNTRL","11064","centriolin"
"ENSG00000181381.13",389.221725970209,0.977057651384866,0.356607970959963,0.000801456508967983,0.0228448223093436,"DDX60L","91351","DExD/H-box 60 like"
"ENSG00000258441.1",134.575227987922,0.976312231869566,0.476359718339975,0.00442095298516228,0.0695263959587569,"LINC00641","283624","long intergenic non-protein coding RNA 641"
"ENSG00000064393.16",1905.0639225159,0.97472774569528,0.490457502256329,0.00491657437767104,0.0746468012997245,"HIPK2","28996","homeodomain interacting protein kinase 2"
"ENSG00000123066.8",1059.40714437322,0.968791766326112,0.464485979704626,0.00412410564608506,0.0663634708664178,"MED13L","23389","mediator complex subunit 13L"
"ENSG00000152409.9",185.121531300196,0.960683973901739,0.475110848405058,0.00488922723124252,0.0743953443553917,"JMY","133746","junction mediating and regulatory protein, p53 cofactor"
"ENSG00000196547.15",597.864981993941,0.958784323612104,0.540540194708102,0.00763311003781286,0.0987864785006249,"MAN2A2","4122","mannosidase alpha class 2A member 2"
"ENSG00000185201.16",13808.6348924899,0.958145605095081,0.256974349584045,2.97289004709233e-05,0.00195304719474694,"IFITM2","10581","interferon induced transmembrane protein 2"
"ENSG00000151849.15",158.352579783176,0.949130912733953,0.463409524585617,0.00465469766991877,0.0719912657558289,"CENPJ","55835","centromere protein J"
"ENSG00000213186.8",370.721661614436,0.943651654894838,0.247381949887539,2.13853273952179e-05,0.00151557522300219,"TRIM59","286827","tripartite motif containing 59"
"ENSG00000178904.19",553.487469887843,0.942147156488746,0.405851238471294,0.0025883156783986,0.0496255546434631,"DPY19L3","147991","dpy-19 like C-mannosyltransferase 3"
"ENSG00000230551.4",405.363118887606,0.940157804326306,0.415180634649371,0.00296216675592257,0.0540980561526032,NA,NA,NA
"ENSG00000242086.8",162.183663232231,0.939232969359441,0.449666510761951,0.00447533911254215,0.0702143044692549,"SDHAP2","727956","succinate dehydrogenase complex flavoprotein subunit A pseudogene 2"
"ENSG00000188994.13",514.127117009466,0.932691432393393,0.375462300470505,0.00175830861568035,0.038544956030603,"ZNF292","23036","zinc finger protein 292"
"ENSG00000184898.7",185.982050865672,0.928942759256587,0.376929849246795,0.00186696815906956,0.0400778413732214,"RBM43","375287","RNA binding motif protein 43"
"ENSG00000145241.11",179.84478478433,0.916959468282811,0.368839050436783,0.00183384130697521,0.0396483808912244,"CENPC","1060","centromere protein C"
"ENSG00000171150.9",906.822747999387,0.912573260806003,0.294799956393027,0.000323942756531729,0.011992256536078,"SOCS5","9655","suppressor of cytokine signaling 5"
"ENSG00000231721.7",93.6813123708906,0.910264263228091,0.465502476852019,0.00596407556989644,0.083674969385381,"LINC-PINT","378805","long intergenic non-protein coding RNA, p53 induced transcript"
"ENSG00000171448.9",82.6050885158764,0.909460504278451,0.400179355144945,0.00301204252572739,0.0546248184593113,"ZBTB26","57684","zinc finger and BTB domain containing 26"
"ENSG00000142687.18",866.406660803286,0.907128360432012,0.368995909311865,0.00200472711616165,0.0420046090982281,"KIAA0319L","79932","KIAA0319 like"
"ENSG00000186812.13",271.964985379769,0.906363159787276,0.376778466522397,0.00226279308412674,0.045130584701545,"ZNF397","84307","zinc finger protein 397"
"ENSG00000198399.14",510.467487673262,0.90537583365578,0.476613770423325,0.00684491161279429,0.0922191412208105,"ITSN2","50618","intersectin 2"
"ENSG00000183354.12",431.644516575047,0.899770290310069,0.364070926850184,0.00193481030800885,0.0409838220866998,"KIAA2026","158358","KIAA2026"
"ENSG00000196466.10",40.8907897847602,0.896919132927777,0.450688768379788,0.00600179630534458,0.0839197113127033,"ZNF799","90576","zinc finger protein 799"
"ENSG00000102081.14",469.261210768693,0.894473054530404,0.480269117769901,0.00762082974400082,0.0987510649482486,"FMR1","2332","FMRP translational regulator 1"
"ENSG00000120708.17",8602.75939253293,0.892420867240406,0.397561005859028,0.00344429648572019,0.0593968928962446,"TGFBI","7045","transforming growth factor beta induced"
"ENSG00000101596.15",716.266270164778,0.883522503135243,0.474959203224108,0.00776899082415579,0.0999822737034079,"SMCHD1","23347","structural maintenance of chromosomes flexible hinge domain containing 1"
"ENSG00000158941.16",440.598835219487,0.88319031653368,0.440914934325916,0.00555794129459816,0.0798722480211211,"CCAR2","57805","cell cycle and apoptosis regulator 2"
"ENSG00000173281.5",142.765782385247,0.881511608662332,0.330996768696485,0.00120321013718129,0.0299485167689943,"PPP1R3B","79660","protein phosphatase 1 regulatory subunit 3B"
"ENSG00000240303.8",464.136978859023,0.880221381116306,0.36548186408943,0.00240827123557472,0.0470602124164148,"ACAD11","84129","acyl-CoA dehydrogenase family member 11"
"ENSG00000162819.12",2793.58489457343,0.879439891032284,0.407924701763068,0.00435726412727714,0.068778965560544,"BROX","148362","BRO1 domain and CAAX motif containing"
"ENSG00000165572.8",468.346713676948,0.8791789467648,0.324110680428668,0.00106460333899661,0.0275730932380423,"KBTBD6","89890","kelch repeat and BTB domain containing 6"
"ENSG00000183808.11",304.477849884502,0.874683705828237,0.405791532278434,0.00434447231014642,0.0686293969360077,"RBM12B","389677","RNA binding motif protein 12B"
"ENSG00000137075.18",323.823144082541,0.873486906800315,0.329919561594618,0.00127542954243772,0.0310514575896544,"RNF38","152006","ring finger protein 38"
"ENSG00000137478.15",438.277642321552,0.86808446473969,0.41604846276978,0.00537697063661058,0.0785414126268973,"FCHSD2","9873","FCH and double SH3 domains 2"
"ENSG00000104763.19",3371.3783938061,0.864532125742797,0.334379494942996,0.00163116708301336,0.0367053503935802,"ASAH1","427","N-acylsphingosine amidohydrolase 1"
"ENSG00000112378.12",4166.04682729984,0.863965182048292,0.326819247448476,0.00127332080375075,0.0310366321705748,"PERP","64065","p53 apoptosis effector related to PMP22"
"ENSG00000112624.12",170.395629554912,0.861808980628524,0.350488127372911,0.00215473549608699,0.043801666361517,"BICRAL","23506","BRD4 interacting chromatin remodeling complex associated protein like"
"ENSG00000162688.17",403.283463030229,0.861005677900143,0.35215560663502,0.00227371022884171,0.0452825758023057,"AGL","178","amylo-alpha-1, 6-glucosidase, 4-alpha-glucanotransferase"
"ENSG00000205464.12",51.5599291823275,0.857585065731565,0.419576524240499,0.00569106540327885,0.0807983852859598,"ATP6AP1L","92270","ATPase H+ transporting accessory protein 1 like"
"ENSG00000148019.13",228.615073975025,0.852518210072321,0.394247118194387,0.0044934849229141,0.0703922611618353,"CEP78","84131","centrosomal protein 78"
"ENSG00000095059.16",347.115795228368,0.849665949211243,0.335791717161364,0.00183876216154943,0.0396781482493263,"DHPS","1725","deoxyhypusine synthase"
"ENSG00000173275.13",153.161822931085,0.849060077592562,0.30130348562552,0.000862934751036597,0.0240021125510099,"ZNF449","203523","zinc finger protein 449"
"ENSG00000148219.16",151.406743400738,0.842585601785478,0.273301715875525,0.000371514886629426,0.0131646045614886,"ASTN2","23245","astrotactin 2"
"ENSG00000185483.12",126.816073221219,0.832510789173513,0.409930197190276,0.00606117874976924,0.0845215856116743,"ROR1","4919","receptor tyrosine kinase like orphan receptor 1"
"ENSG00000118412.12",183.436703224994,0.820768608686213,0.373129681518493,0.0044214137953863,0.0695263959587569,"CASP8AP2","9994","caspase 8 associated protein 2"
"ENSG00000238083.7",112.389972002176,0.815118272082536,0.396222744616688,0.00626627212513498,0.0865501153977856,"LRRC37A2","474170","leucine rich repeat containing 37 member A2"
"ENSG00000135842.17",792.636936691443,0.805094715730021,0.320407978244458,0.00225830347657774,0.045130584701545,"NIBAN1","116496","niban apoptosis regulator 1"
"ENSG00000168778.12",207.661665547891,0.802364521710423,0.307523987429178,0.00171513816587526,0.0377585842602369,"TCTN2","79867","tectonic family member 2"
"ENSG00000171681.12",596.428211536436,0.800460871548623,0.330873804881862,0.00282277661403569,0.0524031631638458,"ATF7IP","55729","activating transcription factor 7 interacting protein"
"ENSG00000110888.17",326.096770714328,0.797859361484042,0.220991004008657,6.58110436681962e-05,0.00364142710606859,"CAPRIN2","65981","caprin family member 2"
"ENSG00000198945.8",190.264784455688,0.792444289004622,0.338701483540774,0.00338976338856342,0.0588915836309609,"L3MBTL3","84456","L3MBTL histone methyl-lysine binding protein 3"
"ENSG00000124222.22",786.118402703418,0.787890186079148,0.373862467860596,0.00604068043382482,0.0844063746776306,"STX16","8675","syntaxin 16"
"ENSG00000168434.13",233.809538732916,0.779033702217923,0.364601945037147,0.00573173678734577,0.0811858734273329,"COG7","91949","component of oligomeric golgi complex 7"
"ENSG00000112208.11",1276.15875616265,0.77390734325151,0.320068975208104,0.00301447485650592,0.0546248184593113,"BAG2","9532","BCL2 associated athanogene 2"
"ENSG00000198586.14",673.535270847039,0.759989834070095,0.31152134019269,0.00294868940683053,0.0539524125419549,"TLK1","9874","tousled like kinase 1"
"ENSG00000109099.15",4533.08098207371,0.759114409078308,0.283817651212596,0.00162285221795582,0.0366230139567913,"PMP22","5376","peripheral myelin protein 22"
"ENSG00000125124.12",601.89392981476,0.75261919569414,0.278053095825668,0.00142252985448417,0.033394377707671,"BBS2","583","Bardet-Biedl syndrome 2"
"ENSG00000077097.15",1431.35889569907,0.751284887443993,0.189033481248035,1.63173190910195e-05,0.00125063185655392,"TOP2B","7155","DNA topoisomerase II beta"
"ENSG00000155592.16",112.385745458322,0.750660503140038,0.282051722554599,0.00167250216627282,0.0373310493315581,"ZKSCAN2","342357","zinc finger with KRAB and SCAN domains 2"
"ENSG00000068305.17",522.990793102849,0.737442151683528,0.313293797539624,0.00384168005838396,0.0632329043908661,"MEF2A","4205","myocyte enhancer factor 2A"
"ENSG00000107186.16",659.8268095478,0.730165961993887,0.306545541818872,0.00364421855530341,0.0613117551084948,"MPDZ","8777","multiple PDZ domain crumbs cell polarity complex component"
"ENSG00000112365.4",124.73213676089,0.727265915649899,0.266494784682424,0.00151727330461927,0.0349186965444062,"ZBTB24","9841","zinc finger and BTB domain containing 24"
"ENSG00000100485.12",409.203302056422,0.721187552903954,0.326366262920313,0.00582861827976624,0.0822765529887329,"SOS2","6655","SOS Ras/Rho guanine nucleotide exchange factor 2"
"ENSG00000106799.13",801.759018240081,0.715379885366529,0.339372410546151,0.00746573795581238,0.0975882326671995,"TGFBR1","7046","transforming growth factor beta receptor 1"
"ENSG00000174652.19",189.219383509658,0.712399618715155,0.257011336841896,0.0013248106787488,0.0319296447651269,"ZNF266","10781","zinc finger protein 266"
"ENSG00000006652.14",626.367053317105,0.707718245125062,0.260154398466631,0.00156201499590342,0.035521250906841,"IFRD1","3475","interferon related developmental regulator 1"
"ENSG00000138448.12",2791.88995609864,0.69189473273281,0.155801839428832,2.67703461353106e-06,0.000303372881618217,"ITGAV","3685","integrin subunit alpha V"
"ENSG00000171867.17",5222.51489358712,0.680670772112462,0.258975294501309,0.00219902028952223,0.0443533390559191,"PRNP","5621","prion protein"
"ENSG00000171658.8",73.9206129181036,0.677583548273398,2.54040952398186,0.00307199614947873,0.0551360696594213,"NMRAL2P","344887","NmrA like redox sensor 2, pseudogene"
"ENSG00000156162.16",555.377982619428,0.664889455058517,0.309805936277619,0.00758042328434335,0.0984741239461401,"DPY19L4","286148","dpy-19 like 4"
"ENSG00000128268.12",11.5726894056155,0.663604338031999,2.90494607218567,0.000536413550897883,0.0169906498884755,"MGAT3","4248","beta-1,4-mannosyl-glycoprotein 4-beta-N-acetylglucosaminyltransferase"
"ENSG00000185658.13",1004.91147176744,0.659612734025401,0.190011702911577,0.00015136886791853,0.00683623421542305,"BRWD1","54014","bromodomain and WD repeat domain containing 1"
"ENSG00000127334.10",406.705215479582,0.650345782030232,0.194644610479539,0.000266539403416988,0.0106072431044445,"DYRK2","8445","dual specificity tyrosine phosphorylation regulated kinase 2"
"ENSG00000162526.7",10.0353251855347,0.645293978684794,1.59456724958065,0.00446785592193104,0.070150083800031,"TSSK3","81629","testis specific serine kinase 3"
"ENSG00000102678.7",186.091614878608,0.642683959766875,2.21331925040449,0.0014719143518496,0.034291728446821,"FGF9","2254","fibroblast growth factor 9"
"ENSG00000197324.9",3211.90025854259,0.625421295027239,0.237414147194052,0.00280062065185982,0.052212652044673,"LRP10","26020","LDL receptor related protein 10"
"ENSG00000140943.17",1178.10280346816,0.619016998611128,0.210554980084585,0.00100219413775487,0.0264583565654627,"MBTPS1","8720","membrane bound transcription factor peptidase, site 1"
"ENSG00000100201.21",3627.93965299026,0.616884592081762,0.200618682081612,0.000675701206840424,0.0201483584644895,"DDX17","10521","DEAD-box helicase 17"
"ENSG00000255152.8",33.0942520862951,0.583456005025776,1.30864524638999,0.00490166160819858,0.074526171728569,"MSH5-SAPCD1","100532732","MSH5-SAPCD1 readthrough (NMD candidate)"
"ENSG00000231943.9",12.7123338178627,0.571306522904407,1.23207052361258,0.00514729336847918,0.0766864964378268,"PGM5P4-AS1","103344932","PGM5P4 antisense RNA 1"
"ENSG00000058673.16",2010.93017857201,0.570530792694361,0.23666777133425,0.0056350394885521,0.0803683376462356,"ZC3H11A","9877","zinc finger CCCH-type containing 11A"
"ENSG00000109323.11",645.133476439896,0.54406237301769,0.211203735932559,0.0038692739165898,0.0634887233105931,"MANBA","4126","mannosidase beta"
"ENSG00000104219.13",740.027528854506,0.540685447110717,0.232060336594573,0.00747175229366698,0.0975882326671995,"ZDHHC2","51201","zinc finger DHHC-type palmitoyltransferase 2"
"ENSG00000138032.21",494.848507602241,0.538330405082719,0.22932762752121,0.0070890624533568,0.0942203329542489,"PPM1B","5495","protein phosphatase, Mg2+/Mn2+ dependent 1B"
"ENSG00000273154.3",11.6918422023352,0.531734888817798,1.06515390248935,0.00421890565733222,0.0672101875849369,NA,NA,NA
"ENSG00000133619.17",22.8772806441107,0.528586603127942,1.0165158235933,0.00743342220475557,0.0974206707442759,"KRBA1","84626","KRAB-A domain containing 1"
"ENSG00000130203.10",6.76727119746006,0.511834476999371,0.964347720685635,0.0074717168550964,0.0975882326671995,"APOE","348","apolipoprotein E"
"ENSG00000284523.2",3.98142577635846,0.509449223715153,1.02922166954649,0.00211532219461607,0.0432981973248121,"LOC105375421","105375421","uncharacterized LOC105375421"
"ENSG00000069248.12",627.899710093107,0.506017493943329,0.213056703889971,0.00748503982916923,0.0976641956020353,"NUP133","55746","nucleoporin 133"
"ENSG00000182575.7",2.62125900513948,0.496608672428753,1.04941970670232,0.000654055923750706,0.0197016496158619,"NXPH3","11248","neurexophilin 3"
"ENSG00000173269.14",5.4589984909101,0.496582611288039,0.964425659229921,0.00522878672388926,0.0772337704954777,"MMRN2","79812","multimerin 2"
"ENSG00000196972.9",6.47545508602658,0.490860793093594,0.926447057786677,0.00520494381264645,0.0771056163863831,"SMIM10L2B","644596","small integral membrane protein 10 like 2B"
"ENSG00000205978.6",197.008939387789,0.479946623608496,0.94882132624435,0.00272640502075509,0.0512911140904598,"NYNRIN","57523","NYN domain and retroviral integrase containing"
"ENSG00000171408.14",143.751844371804,0.475676020183637,0.89061228646935,0.00747450221211516,0.0975882326671995,"PDE7B","27115","phosphodiesterase 7B"
"ENSG00000110900.15",8.12288491095902,0.466644933659098,0.858835339405755,0.00696166867083964,0.0930650978516508,"TSPAN11","441631","tetraspanin 11"
"ENSG00000170271.11",124.576065103338,0.46428435194277,0.875294538174151,0.00604748559512578,0.0844444446056227,"FAXDC2","10826","fatty acid hydroxylase domain containing 2"
"ENSG00000262526.2",849.041721525262,0.459034381562682,0.939090360109076,0.000150090484080766,0.00682631313751072,NA,NA,NA
"ENSG00000253304.2",19.7564669833884,0.446245662235874,0.855415232836564,0.00271561129907433,0.0511345406943077,"TMEM200B","399474","transmembrane protein 200B"
"ENSG00000162032.16",49.4007124573696,0.433395499553299,0.794829465579858,0.00610649505471466,0.0850389021953332,"SPSB3","90864","splA/ryanodine receptor domain and SOCS box containing 3"
"ENSG00000243302.3",24.7222608868363,0.427527926750152,0.785619139351344,0.00537804105983925,0.0785414126268973,NA,NA,NA
"ENSG00000223509.8",49.9340393057058,0.416426113561154,0.783923158619698,0.00173518395153711,0.0381187862984172,NA,NA,NA
"ENSG00000172349.17",10.9864289903749,0.381437092796839,0.721388669876078,0.0020909187095743,0.0430727841126817,"IL16","3603","interleukin 16"
"ENSG00000142102.16",47.7572233721918,0.378520582256415,0.699757595985233,0.0069848522539128,0.0932545371241752,"PGGHG","80162","protein-glucosylgalactosylhydroxylysine glucosidase"
"ENSG00000268713.1",25.0105506834153,0.374474622482498,0.708119016775904,0.00259468666783461,0.0496710877929412,NA,NA,NA
"ENSG00000118194.20",5.20563338479166,0.355070530329517,0.667006075515505,0.00347492024847133,0.0597259133071974,"TNNT2","7139","troponin T2, cardiac type"
"ENSG00000161381.14",18.6414254037879,0.355063581021109,0.673399722808927,0.00157457613308792,0.0356892426047331,"PLXDC1","57125","plexin domain containing 1"
"ENSG00000232973.13",7.77296397590486,0.351235044376998,0.669837481863834,0.00129495633539233,0.0314159746830116,"CYP1B1-AS1","285154","CYP1B1 antisense RNA 1"
"ENSG00000278570.5",6.05202058218707,0.34874707848414,0.655258434252082,0.0054874906813831,0.0792532427532744,"NR2E3","10002","nuclear receptor subfamily 2 group E member 3"
"ENSG00000099994.11",48.8207589868196,0.347844917199865,0.656379795510839,0.00568961388912922,0.0807983852859598,"SUSD2","56241","sushi domain containing 2"
"ENSG00000240240.9",11.5672009944528,0.337208095791145,0.643167209906467,0.00500124451294199,0.0751603151422088,NA,NA,NA
"ENSG00000174600.14",5.16902412107775,0.313542250086186,0.617130725790768,0.0016318218982359,0.0367053503935802,"CMKLR1","1240","chemerin chemokine-like receptor 1"
"ENSG00000171385.9",5.84262592340498,0.313247112944948,0.616426197056809,0.00246727647000375,0.0479866722464827,"KCND3","3752","potassium voltage-gated channel subfamily D member 3"
"ENSG00000084110.11",9.68986900951253,0.31115060036707,0.617954010073178,0.00116753982739346,0.0292506890896856,"HAL","3034","histidine ammonia-lyase"
"ENSG00000174951.11",13.6603390031123,0.310711832128335,0.606602425722784,0.00675503019739629,0.0912458191285371,"FUT1","2523","fucosyltransferase 1 (H blood group)"
"ENSG00000172803.18",5.18306095298169,0.281184388405982,0.569361214331378,0.00649219102081328,0.0887966959581692,"SNX32","254122","sorting nexin 32"
"ENSG00000133315.11",25.0533579063334,0.267883018202045,0.557544663849509,0.0065020049210403,0.0888135246442297,"MACROD1","28992","mono-ADP ribosylhydrolase 1"
"ENSG00000244731.8",22.8545586642364,0.259818941829278,0.549357372997155,0.00502544081089805,0.0753597624208147,"C4A","720","complement C4A (Rodgers blood group)"
"ENSG00000235535.8",3.42702574212972,0.253230605726722,0.54487899333608,0.00428647295720655,0.0680769542413141,NA,NA,NA
"ENSG00000130477.15",87.857943800684,0.252265126188122,0.545732672143913,0.00498491333691101,0.0750784545808125,"UNC13A","23025","unc-13 homolog A"
"ENSG00000160471.13",11.3616406240744,0.24934533189157,0.552884089679627,0.000136470099824282,0.00633209023713833,"COX6B2","125965","cytochrome c oxidase subunit 6B2"
"ENSG00000224958.6",6.29515559237167,0.236400934550151,0.534274466365824,0.00525378563993832,0.0774372080006293,"PGM5-AS1","572558","PGM5 antisense RNA 1"
"ENSG00000260037.5",2.81813569206831,0.233331194668436,0.531218893004529,0.00639148961306973,0.0878256879501096,NA,NA,NA
"ENSG00000285791.1",12.904580585069,0.222629936779993,0.521933382600064,0.0073004726371939,0.0964172069788814,NA,NA,NA
"ENSG00000169071.15",7.13663048005828,0.210928138372159,0.515449083265458,0.000905499216658015,0.0248849944083944,"ROR2","4920","receptor tyrosine kinase like orphan receptor 2"
"ENSG00000174348.14",13.9581918669207,0.204252935682645,0.509053937324747,0.00289946854688539,0.0533437728702882,"PODN","127435","podocan"
"ENSG00000286625.1",4.54857235904717,0.204000203636381,0.511971232516766,0.000895015621181884,0.0246952710196505,NA,NA,NA
"ENSG00000251410.2",14.3021339219744,0.126887687430408,0.463931737525266,0.00558023471351946,0.0801369723536237,NA,NA,NA
"ENSG00000158055.15",46.9550200510672,0.0969911772006512,0.452467438936798,4.65051706853306e-10,2.58557140439504e-07,"GRHL3","57822","grainyhead like transcription factor 3"
"ENSG00000039068.19",171.883885773005,0.0656839469310277,0.445414353080371,2.30199304507349e-07,4.10667621334058e-05,"CDH1","999","cadherin 1"
"ENSG00000173930.9",38.6743747527132,0.0554862046108302,0.443552405756754,2.2226084061897e-06,0.000262826619186798,"SLCO4C1","353189","solute carrier organic anion transporter family member 4C1"
"ENSG00000133636.11",122.994921624684,0.0436855662506248,0.440973411287862,3.60824164948795e-05,0.00229045867161054,"NTS","4922","neurotensin"
"ENSG00000163235.16",188.601473363364,0.0435246634332047,0.440193116007761,9.68019911773691e-06,0.000817640981805909,"TGFA","7039","transforming growth factor alpha"
"ENSG00000205609.12",56.0042442831744,0.0328654028675956,0.440855241933778,4.95604118005266e-07,7.95041210697751e-05,"EIF3CL","728689","eukaryotic translation initiation factor 3 subunit C like"
"ENSG00000120211.4",270.868732865139,0.0322805857436957,0.439653865803803,0.000295125693733883,0.011312125149022,"INSL4","3641","insulin like 4"
"ENSG00000099812.9",231.130352290988,0.030603425818998,0.439462493750466,0.000251094862432568,0.0100505939713338,"MISP","126353","mitotic spindle positioning"
"ENSG00000124664.11",41.3820989975596,0.0266802101259393,0.439776517065185,0.00133773448028698,0.0321896248082079,"SPDEF","25803","SAM pointed domain containing ETS transcription factor"
"ENSG00000105289.15",26.9204422434835,0.0243443794032784,0.439540230353243,0.00211956585797879,0.0433421895899338,"TJP3","27134","tight junction protein 3"
"ENSG00000136155.17",107.511552318741,0.0241915013260541,0.438572581088574,0.000620110677021559,0.0189382253175846,"SCEL","8796","sciellin"
"ENSG00000139800.8",29.4153587018871,0.0238722300501776,0.43886756286584,0.00136973143344804,0.0326934513076974,"ZIC5","85416","Zic family member 5"
"ENSG00000108602.18",13294.0191038798,0.0219867846712289,0.438811576523819,0.00181823363262767,0.0395010916108738,"ALDH3A1","218","aldehyde dehydrogenase 3 family member A1"
"ENSG00000262943.7",23.2399762288693,0.0215752392601935,0.439032284144066,0.00405122585832044,0.0655481375387672,"ALOX12P2","245","arachidonate 12-lipoxygenase pseudogene 2"
"ENSG00000145920.15",1342.35507858904,0.0210041911988813,0.439002179944028,0.00292670834086005,0.0536675280934855,"CPLX2","10814","complexin 2"
"ENSG00000053108.17",540.954420678241,0.0195355089099381,0.438434190533086,0.00182058151193928,0.0395010916108738,"FSTL4","23105","follistatin like 4"
"ENSG00000067048.17",243.84129348823,0.0161365391861994,0.438199584681443,0.00162878843468148,0.0367053503935802,"DDX3Y","8653","DEAD-box helicase 3 Y-linked"
"ENSG00000231683.6",75.5048759161512,0.0153851336420837,0.438446876151639,0.00593472144951636,0.0834790994043174,"LOC101927136","101927136","uncharacterized LOC101927136"
"ENSG00000144837.9",22.4893041424098,0.00734557068956905,0.438095155088209,0.00328319224354664,0.0580208200580308,"PLA1A","51365","phospholipase A1 member A"
